1,./aligned/70061016020/face_103.jpg_5.png
1,./aligned/70061016020/face_33.jpg_1.png
1,./aligned/70061016020/face_33.jpg_7.png
1,./aligned/70061016020/face_155.jpg_5.png
1,./aligned/70061016020/face_103.jpg_9.png
1,./aligned/70061016020/face_103.jpg_8.png
1,./aligned/70061016020/face_114.jpg_4.png
1,./aligned/70061016020/face_78.jpg_7.png
1,./aligned/70061016020/face_33.jpg_4.png
1,./aligned/70061016020/face_114.png
1,./aligned/70061016020/face_33.png
1,./aligned/70061016020/face_78.jpg_2.png
1,./aligned/70061016020/face_78.jpg_3.png
1,./aligned/70061016020/face_33.jpg_5.png
1,./aligned/70061016020/face_155.jpg_4.png
1,./aligned/70061016020/face_103.jpg_2.png
1,./aligned/70061016020/face_78.jpg_1.png
1,./aligned/70061016020/face_114.jpg_9.png
1,./aligned/70061016020/face_155.png
1,./aligned/70061016020/face_155.jpg_7.png
1,./aligned/70061016020/face_33.jpg_0.png
1,./aligned/70061016020/face_103.jpg_3.png
1,./aligned/70061016020/face_78.jpg_8.png
1,./aligned/70061016020/face_33.jpg_3.png
1,./aligned/70061016020/face_103.png
1,./aligned/70061016020/face_103.jpg_6.png
1,./aligned/70061016020/face_78.jpg_5.png
1,./aligned/70061016020/face_33.jpg_2.png
1,./aligned/70061016020/face_114.jpg_0.png
1,./aligned/70061016020/face_114.jpg_7.png
1,./aligned/70061016020/face_114.jpg_2.png
1,./aligned/70061016020/face_103.jpg_4.png
1,./aligned/70061016020/face_155.jpg_2.png
1,./aligned/70061016020/face_33.jpg_6.png
1,./aligned/70061016020/face_33.jpg_8.png
1,./aligned/70061016020/face_155.jpg_6.png
1,./aligned/70061016020/face_155.jpg_9.png
1,./aligned/70061016020/face_114.jpg_5.png
1,./aligned/70061016020/face_78.png
1,./aligned/70061016020/face_78.jpg_6.png
1,./aligned/70061016020/face_114.jpg_8.png
1,./aligned/70061016020/face_78.jpg_9.png
1,./aligned/70061016020/face_114.jpg_3.png
1,./aligned/70061016020/face_114.jpg_6.png
1,./aligned/70061016020/face_78.jpg_4.png
1,./aligned/70061016020/face_33.jpg_9.png
1,./aligned/70061016020/face_103.jpg_0.png
1,./aligned/70061016020/face_155.jpg_3.png
1,./aligned/70061016020/face_114.jpg_1.png
1,./aligned/70061016020/face_103.jpg_1.png
1,./aligned/70061016020/face_155.jpg_1.png
1,./aligned/70061016020/face_78.jpg_0.png
1,./aligned/70061016020/face_155.jpg_0.png
1,./aligned/70061016020/face_103.jpg_7.png
1,./aligned/70061016020/face_155.jpg_8.png
2,./aligned/70061016027/face_59.jpg_9.png
2,./aligned/70061016027/face_59.jpg_11.png
2,./aligned/70061016027/face_59.jpg_7.png
2,./aligned/70061016027/face_59.jpg_4.png
2,./aligned/70061016027/face_59.png
2,./aligned/70061016027/face_59.jpg_12.png
2,./aligned/70061016027/face_59.jpg_2.png
2,./aligned/70061016027/face_59.jpg_5.png
2,./aligned/70061016027/face_59.jpg_3.png
2,./aligned/70061016027/face_59.jpg_10.png
2,./aligned/70061016027/face_59.jpg_1.png
2,./aligned/70061016027/face_59.jpg_6.png
2,./aligned/70061016027/face_59.jpg_0.png
2,./aligned/70061016027/face_59.jpg_13.png
2,./aligned/70061016027/face_59.jpg_8.png
3,./aligned/70061016011/face_26.png
3,./aligned/70061016011/face_26.jpg_1.png
3,./aligned/70061016011/face_6.png
3,./aligned/70061016011/face_122.png
3,./aligned/70061016011/face_6.jpg_8.png
3,./aligned/70061016011/face_122.jpg_3.png
3,./aligned/70061016011/face_26.jpg_4.png
3,./aligned/70061016011/face_6.jpg_11.png
3,./aligned/70061016011/face_122.jpg_0.png
3,./aligned/70061016011/face_6.jpg_3.png
3,./aligned/70061016011/face_6.jpg_1.png
3,./aligned/70061016011/face_122.jpg_4.png
3,./aligned/70061016011/face_26.jpg_3.png
3,./aligned/70061016011/face_6.jpg_9.png
3,./aligned/70061016011/face_26.jpg_10.png
3,./aligned/70061016011/face_122.jpg_6.png
3,./aligned/70061016011/face_6.jpg_2.png
3,./aligned/70061016011/face_26.jpg_7.png
3,./aligned/70061016011/face_26.jpg_8.png
3,./aligned/70061016011/face_26.jpg_11.png
3,./aligned/70061016011/face_6.jpg_7.png
3,./aligned/70061016011/face_122.jpg_1.png
3,./aligned/70061016011/face_26.jpg_9.png
3,./aligned/70061016011/face_26.jpg_6.png
3,./aligned/70061016011/face_26.jpg_5.png
3,./aligned/70061016011/face_122.jpg_2.png
3,./aligned/70061016011/face_122.jpg_9.png
3,./aligned/70061016011/face_122.jpg_10.png
3,./aligned/70061016011/face_6.jpg_0.png
3,./aligned/70061016011/face_6.jpg_6.png
3,./aligned/70061016011/face_122.jpg_11.png
3,./aligned/70061016011/face_6.jpg_4.png
3,./aligned/70061016011/face_6.jpg_5.png
3,./aligned/70061016011/face_122.jpg_7.png
3,./aligned/70061016011/face_6.jpg_10.png
3,./aligned/70061016011/face_26.jpg_2.png
3,./aligned/70061016011/face_26.jpg_0.png
3,./aligned/70061016011/face_122.jpg_8.png
3,./aligned/70061016011/face_122.jpg_5.png
4,./aligned/70061016005/face_44.jpg_4.png
4,./aligned/70061016005/face_153.jpg_1.png
4,./aligned/70061016005/face_72.jpg_6.png
4,./aligned/70061016005/face_72.jpg_8.png
4,./aligned/70061016005/face_153.jpg_3.png
4,./aligned/70061016005/face_111.jpg_1.png
4,./aligned/70061016005/face_153.jpg_6.png
4,./aligned/70061016005/face_65.jpg_5.png
4,./aligned/70061016005/face_44.jpg_0.png
4,./aligned/70061016005/face_65.jpg_6.png
4,./aligned/70061016005/face_97.jpg_2.png
4,./aligned/70061016005/face_153.png
4,./aligned/70061016005/face_65.jpg_3.png
4,./aligned/70061016005/face_72.jpg_4.png
4,./aligned/70061016005/face_111.jpg_2.png
4,./aligned/70061016005/face_72.jpg_0.png
4,./aligned/70061016005/face_44.jpg_6.png
4,./aligned/70061016005/face_72.jpg_5.png
4,./aligned/70061016005/face_153.jpg_8.png
4,./aligned/70061016005/face_44.jpg_2.png
4,./aligned/70061016005/face_97.jpg_5.png
4,./aligned/70061016005/face_97.jpg_1.png
4,./aligned/70061016005/face_111.jpg_5.png
4,./aligned/70061016005/face_44.png
4,./aligned/70061016005/face_97.jpg_6.png
4,./aligned/70061016005/face_111.jpg_4.png
4,./aligned/70061016005/face_111.jpg_6.png
4,./aligned/70061016005/face_153.jpg_2.png
4,./aligned/70061016005/face_44.jpg_1.png
4,./aligned/70061016005/face_97.jpg_7.png
4,./aligned/70061016005/face_111.jpg_8.png
4,./aligned/70061016005/face_44.jpg_7.png
4,./aligned/70061016005/face_97.jpg_4.png
4,./aligned/70061016005/face_153.jpg_5.png
4,./aligned/70061016005/face_97.jpg_3.png
4,./aligned/70061016005/face_65.jpg_1.png
4,./aligned/70061016005/face_44.jpg_3.png
4,./aligned/70061016005/face_65.jpg_4.png
4,./aligned/70061016005/face_72.png
4,./aligned/70061016005/face_65.jpg_8.png
4,./aligned/70061016005/face_153.jpg_7.png
4,./aligned/70061016005/face_65.png
4,./aligned/70061016005/face_111.jpg_0.png
4,./aligned/70061016005/face_97.png
4,./aligned/70061016005/face_65.jpg_0.png
4,./aligned/70061016005/face_72.jpg_1.png
4,./aligned/70061016005/face_111.jpg_3.png
4,./aligned/70061016005/face_111.jpg_7.png
4,./aligned/70061016005/face_72.jpg_7.png
4,./aligned/70061016005/face_65.jpg_7.png
4,./aligned/70061016005/face_111.png
4,./aligned/70061016005/face_44.jpg_5.png
4,./aligned/70061016005/face_153.jpg_4.png
4,./aligned/70061016005/face_153.jpg_0.png
4,./aligned/70061016005/face_97.jpg_8.png
4,./aligned/70061016005/face_72.jpg_3.png
4,./aligned/70061016005/face_72.jpg_2.png
4,./aligned/70061016005/face_44.jpg_8.png
4,./aligned/70061016005/face_65.jpg_2.png
4,./aligned/70061016005/face_97.jpg_0.png
5,./aligned/70061016010/face_156.png
5,./aligned/70061016010/face_96.jpg_5.png
5,./aligned/70061016010/face_57.jpg_0.png
5,./aligned/70061016010/face_57.jpg_11.png
5,./aligned/70061016010/face_57.jpg_7.png
5,./aligned/70061016010/face_156.jpg_5.png
5,./aligned/70061016010/face_57.jpg_5.png
5,./aligned/70061016010/face_67.jpg_7.png
5,./aligned/70061016010/face_57.jpg_2.png
5,./aligned/70061016010/face_133.jpg_7.png
5,./aligned/70061016010/face_96.png
5,./aligned/70061016010/face_10.jpg_5.png
5,./aligned/70061016010/face_10.jpg_3.png
5,./aligned/70061016010/face_133.jpg_10.png
5,./aligned/70061016010/face_133.jpg_8.png
5,./aligned/70061016010/face_141.jpg_3.png
5,./aligned/70061016010/face_133.jpg_6.png
5,./aligned/70061016010/face_67.jpg_4.png
5,./aligned/70061016010/face_133.jpg_3.png
5,./aligned/70061016010/face_96.jpg_6.png
5,./aligned/70061016010/face_67.jpg_6.png
5,./aligned/70061016010/face_96.jpg_4.png
5,./aligned/70061016010/face_10.jpg_2.png
5,./aligned/70061016010/face_43.jpg_5.png
5,./aligned/70061016010/face_67.jpg_3.png
5,./aligned/70061016010/face_10.jpg_1.png
5,./aligned/70061016010/face_124.jpg_6.png
5,./aligned/70061016010/face_133.jpg_1.png
5,./aligned/70061016010/face_10.jpg_7.png
5,./aligned/70061016010/face_141.jpg_2.png
5,./aligned/70061016010/face_67.jpg_2.png
5,./aligned/70061016010/face_57.jpg_9.png
5,./aligned/70061016010/face_133.jpg_0.png
5,./aligned/70061016010/face_156.jpg_7.png
5,./aligned/70061016010/face_57.jpg_1.png
5,./aligned/70061016010/face_133.jpg_12.png
5,./aligned/70061016010/face_57.jpg_12.png
5,./aligned/70061016010/face_96.jpg_0.png
5,./aligned/70061016010/face_133.jpg_11.png
5,./aligned/70061016010/face_141.jpg_7.png
5,./aligned/70061016010/face_67.jpg_0.png
5,./aligned/70061016010/face_124.jpg_1.png
5,./aligned/70061016010/face_133.jpg_4.png
5,./aligned/70061016010/face_67.jpg_1.png
5,./aligned/70061016010/face_133.jpg_5.png
5,./aligned/70061016010/face_43.jpg_6.png
5,./aligned/70061016010/face_57.jpg_6.png
5,./aligned/70061016010/face_141.jpg_6.png
5,./aligned/70061016010/face_156.jpg_6.png
5,./aligned/70061016010/face_43.jpg_3.png
5,./aligned/70061016010/face_124.jpg_4.png
5,./aligned/70061016010/face_67.jpg_5.png
5,./aligned/70061016010/face_96.jpg_7.png
5,./aligned/70061016010/face_124.png
5,./aligned/70061016010/face_124.jpg_2.png
5,./aligned/70061016010/face_124.jpg_3.png
5,./aligned/70061016010/face_43.jpg_7.png
5,./aligned/70061016010/face_133.jpg_2.png
5,./aligned/70061016010/face_124.jpg_7.png
5,./aligned/70061016010/face_156.jpg_2.png
5,./aligned/70061016010/face_141.jpg_4.png
5,./aligned/70061016010/face_133.jpg_9.png
5,./aligned/70061016010/face_67.png
5,./aligned/70061016010/face_10.png
5,./aligned/70061016010/face_57.jpg_3.png
5,./aligned/70061016010/face_43.jpg_4.png
5,./aligned/70061016010/face_156.jpg_0.png
5,./aligned/70061016010/face_124.jpg_5.png
5,./aligned/70061016010/face_156.jpg_4.png
5,./aligned/70061016010/face_133.png
5,./aligned/70061016010/face_96.jpg_3.png
5,./aligned/70061016010/face_43.jpg_0.png
5,./aligned/70061016010/face_10.jpg_0.png
5,./aligned/70061016010/face_10.jpg_4.png
5,./aligned/70061016010/face_96.jpg_1.png
5,./aligned/70061016010/face_43.png
5,./aligned/70061016010/face_141.jpg_5.png
5,./aligned/70061016010/face_124.jpg_0.png
5,./aligned/70061016010/face_57.png
5,./aligned/70061016010/face_10.jpg_6.png
5,./aligned/70061016010/face_141.jpg_1.png
5,./aligned/70061016010/face_57.jpg_4.png
5,./aligned/70061016010/face_141.jpg_0.png
5,./aligned/70061016010/face_57.jpg_8.png
5,./aligned/70061016010/face_57.jpg_10.png
5,./aligned/70061016010/face_43.jpg_2.png
5,./aligned/70061016010/face_156.jpg_3.png
5,./aligned/70061016010/face_156.jpg_1.png
5,./aligned/70061016010/face_43.jpg_1.png
5,./aligned/70061016010/face_96.jpg_2.png
5,./aligned/70061016010/face_141.png
6,./aligned/70061016003/face_73.jpg_4.png
6,./aligned/70061016003/face_73.jpg_7.png
6,./aligned/70061016003/face_73.jpg_13.png
6,./aligned/70061016003/face_73.jpg_6.png
6,./aligned/70061016003/face_73.jpg_0.png
6,./aligned/70061016003/face_73.jpg_9.png
6,./aligned/70061016003/face_73.jpg_12.png
6,./aligned/70061016003/face_73.jpg_1.png
6,./aligned/70061016003/face_73.jpg_8.png
6,./aligned/70061016003/face_73.png
6,./aligned/70061016003/face_73.jpg_2.png
6,./aligned/70061016003/face_73.jpg_11.png
6,./aligned/70061016003/face_73.jpg_5.png
6,./aligned/70061016003/face_73.jpg_10.png
6,./aligned/70061016003/face_73.jpg_3.png
7,./aligned/70061016018/face_125.jpg_0.png
7,./aligned/70061016018/face_45.jpg_0.png
7,./aligned/70061016018/face_91.png
7,./aligned/70061016018/face_125.jpg_1.png
7,./aligned/70061016018/face_45.png
7,./aligned/70061016018/face_125.jpg_7.png
7,./aligned/70061016018/face_66.jpg_3.png
7,./aligned/70061016018/face_143.jpg_5.png
7,./aligned/70061016018/face_125.jpg_6.png
7,./aligned/70061016018/face_45.jpg_6.png
7,./aligned/70061016018/face_130.jpg_0.png
7,./aligned/70061016018/face_125.jpg_4.png
7,./aligned/70061016018/face_45.jpg_5.png
7,./aligned/70061016018/face_143.jpg_1.png
7,./aligned/70061016018/face_130.jpg_7.png
7,./aligned/70061016018/face_66.jpg_6.png
7,./aligned/70061016018/face_7.jpg_0.png
7,./aligned/70061016018/face_91.jpg_5.png
7,./aligned/70061016018/face_91.jpg_2.png
7,./aligned/70061016018/face_130.jpg_2.png
7,./aligned/70061016018/face_91.jpg_4.png
7,./aligned/70061016018/face_45.jpg_4.png
7,./aligned/70061016018/face_130.jpg_5.png
7,./aligned/70061016018/face_143.jpg_6.png
7,./aligned/70061016018/face_45.jpg_7.png
7,./aligned/70061016018/face_91.jpg_0.png
7,./aligned/70061016018/face_91.jpg_3.png
7,./aligned/70061016018/face_7.jpg_2.png
7,./aligned/70061016018/face_7.png
7,./aligned/70061016018/face_91.jpg_1.png
7,./aligned/70061016018/face_66.jpg_2.png
7,./aligned/70061016018/face_130.jpg_1.png
7,./aligned/70061016018/face_66.png
7,./aligned/70061016018/face_66.jpg_0.png
7,./aligned/70061016018/face_45.jpg_2.png
7,./aligned/70061016018/face_45.jpg_1.png
7,./aligned/70061016018/face_130.jpg_4.png
7,./aligned/70061016018/face_143.jpg_4.png
7,./aligned/70061016018/face_7.jpg_4.png
7,./aligned/70061016018/face_130.png
7,./aligned/70061016018/face_66.jpg_1.png
7,./aligned/70061016018/face_7.jpg_5.png
7,./aligned/70061016018/face_125.jpg_2.png
7,./aligned/70061016018/face_66.jpg_7.png
7,./aligned/70061016018/face_7.jpg_6.png
7,./aligned/70061016018/face_125.png
7,./aligned/70061016018/face_7.jpg_3.png
7,./aligned/70061016018/face_143.png
7,./aligned/70061016018/face_45.jpg_3.png
7,./aligned/70061016018/face_143.jpg_2.png
7,./aligned/70061016018/face_91.jpg_7.png
7,./aligned/70061016018/face_125.jpg_3.png
7,./aligned/70061016018/face_66.jpg_4.png
7,./aligned/70061016018/face_91.jpg_6.png
7,./aligned/70061016018/face_143.jpg_3.png
7,./aligned/70061016018/face_143.jpg_0.png
7,./aligned/70061016018/face_125.jpg_5.png
7,./aligned/70061016018/face_143.jpg_7.png
7,./aligned/70061016018/face_130.jpg_3.png
7,./aligned/70061016018/face_7.jpg_7.png
7,./aligned/70061016018/face_7.jpg_1.png
7,./aligned/70061016018/face_130.jpg_6.png
7,./aligned/70061016018/face_66.jpg_5.png
8,./aligned/70061016021/face_150.png
8,./aligned/70061016021/face_150.jpg_3.png
8,./aligned/70061016021/face_150.jpg_5.png
8,./aligned/70061016021/face_85.png
8,./aligned/70061016021/face_140.jpg_2.png
8,./aligned/70061016021/face_140.jpg_1.png
8,./aligned/70061016021/face_47.jpg_0.png
8,./aligned/70061016021/face_36.png
8,./aligned/70061016021/face_85.jpg_0.png
8,./aligned/70061016021/face_19.jpg_0.png
8,./aligned/70061016021/face_150.jpg_1.png
8,./aligned/70061016021/face_19.jpg_3.png
8,./aligned/70061016021/face_140.jpg_5.png
8,./aligned/70061016021/face_47.png
8,./aligned/70061016021/face_117.png
8,./aligned/70061016021/face_85.jpg_3.png
8,./aligned/70061016021/face_2.jpg_3.png
8,./aligned/70061016021/face_47.jpg_1.png
8,./aligned/70061016021/face_2.jpg_2.png
8,./aligned/70061016021/face_2.jpg_1.png
8,./aligned/70061016021/face_77.png
8,./aligned/70061016021/face_36.jpg_4.png
8,./aligned/70061016021/face_19.jpg_2.png
8,./aligned/70061016021/face_85.jpg_2.png
8,./aligned/70061016021/face_47.jpg_4.png
8,./aligned/70061016021/face_117.jpg_3.png
8,./aligned/70061016021/face_77.jpg_5.png
8,./aligned/70061016021/face_2.jpg_0.png
8,./aligned/70061016021/face_150.jpg_0.png
8,./aligned/70061016021/face_140.jpg_3.png
8,./aligned/70061016021/face_77.jpg_0.png
8,./aligned/70061016021/face_85.jpg_5.png
8,./aligned/70061016021/face_19.png
8,./aligned/70061016021/face_117.jpg_5.png
8,./aligned/70061016021/face_36.jpg_5.png
8,./aligned/70061016021/face_117.jpg_0.png
8,./aligned/70061016021/face_47.jpg_5.png
8,./aligned/70061016021/face_77.jpg_1.png
8,./aligned/70061016021/face_19.jpg_5.png
8,./aligned/70061016021/face_47.jpg_3.png
8,./aligned/70061016021/face_36.jpg_3.png
8,./aligned/70061016021/face_77.jpg_3.png
8,./aligned/70061016021/face_2.jpg_4.png
8,./aligned/70061016021/face_19.jpg_1.png
8,./aligned/70061016021/face_117.jpg_4.png
8,./aligned/70061016021/face_140.jpg_4.png
8,./aligned/70061016021/face_2.png
8,./aligned/70061016021/face_47.jpg_2.png
8,./aligned/70061016021/face_19.jpg_4.png
8,./aligned/70061016021/face_36.jpg_2.png
8,./aligned/70061016021/face_150.jpg_4.png
8,./aligned/70061016021/face_2.jpg_5.png
8,./aligned/70061016021/face_150.jpg_2.png
8,./aligned/70061016021/face_117.jpg_1.png
8,./aligned/70061016021/face_140.png
8,./aligned/70061016021/face_36.jpg_1.png
8,./aligned/70061016021/face_77.jpg_2.png
8,./aligned/70061016021/face_140.jpg_0.png
8,./aligned/70061016021/face_85.jpg_1.png
8,./aligned/70061016021/face_77.jpg_4.png
8,./aligned/70061016021/face_85.jpg_4.png
8,./aligned/70061016021/face_36.jpg_0.png
8,./aligned/70061016021/face_117.jpg_2.png
9,./aligned/70061016025/face_24.jpg_3.png
9,./aligned/70061016025/face_62.jpg_9.png
9,./aligned/70061016025/face_24.jpg_9.png
9,./aligned/70061016025/face_46.jpg_6.png
9,./aligned/70061016025/face_24.png
9,./aligned/70061016025/face_62.jpg_1.png
9,./aligned/70061016025/face_46.jpg_1.png
9,./aligned/70061016025/face_93.jpg_9.png
9,./aligned/70061016025/face_93.jpg_7.png
9,./aligned/70061016025/face_62.jpg_7.png
9,./aligned/70061016025/face_93.jpg_6.png
9,./aligned/70061016025/face_93.png
9,./aligned/70061016025/face_46.jpg_10.png
9,./aligned/70061016025/face_93.jpg_0.png
9,./aligned/70061016025/face_93.jpg_3.png
9,./aligned/70061016025/face_46.jpg_8.png
9,./aligned/70061016025/face_62.jpg_0.png
9,./aligned/70061016025/face_93.jpg_10.png
9,./aligned/70061016025/face_62.jpg_5.png
9,./aligned/70061016025/face_62.jpg_3.png
9,./aligned/70061016025/face_93.jpg_1.png
9,./aligned/70061016025/face_24.jpg_0.png
9,./aligned/70061016025/face_24.jpg_4.png
9,./aligned/70061016025/face_93.jpg_8.png
9,./aligned/70061016025/face_24.jpg_2.png
9,./aligned/70061016025/face_24.jpg_10.png
9,./aligned/70061016025/face_62.jpg_4.png
9,./aligned/70061016025/face_62.jpg_8.png
9,./aligned/70061016025/face_62.jpg_10.png
9,./aligned/70061016025/face_62.jpg_2.png
9,./aligned/70061016025/face_93.jpg_2.png
9,./aligned/70061016025/face_24.jpg_7.png
9,./aligned/70061016025/face_24.jpg_6.png
9,./aligned/70061016025/face_46.jpg_7.png
9,./aligned/70061016025/face_62.png
9,./aligned/70061016025/face_93.jpg_5.png
9,./aligned/70061016025/face_46.jpg_4.png
9,./aligned/70061016025/face_62.jpg_6.png
9,./aligned/70061016025/face_46.jpg_9.png
9,./aligned/70061016025/face_24.jpg_8.png
9,./aligned/70061016025/face_46.jpg_0.png
9,./aligned/70061016025/face_46.jpg_2.png
9,./aligned/70061016025/face_93.jpg_4.png
9,./aligned/70061016025/face_24.jpg_1.png
9,./aligned/70061016025/face_24.jpg_5.png
9,./aligned/70061016025/face_46.jpg_3.png
9,./aligned/70061016025/face_46.png
9,./aligned/70061016025/face_46.jpg_5.png
10,./aligned/70061016001/face_84.jpg_2.png
10,./aligned/70061016001/face_17.jpg_4.png
10,./aligned/70061016001/face_0.jpg_1.png
10,./aligned/70061016001/face_84.jpg_7.png
10,./aligned/70061016001/face_0.jpg_7.png
10,./aligned/70061016001/face_84.jpg_9.png
10,./aligned/70061016001/face_0.png
10,./aligned/70061016001/face_84.jpg_0.png
10,./aligned/70061016001/face_0.jpg_8.png
10,./aligned/70061016001/face_84.jpg_11.png
10,./aligned/70061016001/face_17.jpg_0.png
10,./aligned/70061016001/face_17.jpg_2.png
10,./aligned/70061016001/face_0.jpg_5.png
10,./aligned/70061016001/face_17.jpg_8.png
10,./aligned/70061016001/face_84.jpg_4.png
10,./aligned/70061016001/face_17.png
10,./aligned/70061016001/face_17.jpg_10.png
10,./aligned/70061016001/face_0.jpg_2.png
10,./aligned/70061016001/face_17.jpg_9.png
10,./aligned/70061016001/face_0.jpg_11.png
10,./aligned/70061016001/face_0.jpg_10.png
10,./aligned/70061016001/face_17.jpg_11.png
10,./aligned/70061016001/face_84.jpg_8.png
10,./aligned/70061016001/face_84.jpg_3.png
10,./aligned/70061016001/face_0.jpg_6.png
10,./aligned/70061016001/face_0.jpg_9.png
10,./aligned/70061016001/face_17.jpg_5.png
10,./aligned/70061016001/face_0.jpg_0.png
10,./aligned/70061016001/face_17.jpg_7.png
10,./aligned/70061016001/face_0.jpg_3.png
10,./aligned/70061016001/face_84.jpg_1.png
10,./aligned/70061016001/face_84.jpg_5.png
10,./aligned/70061016001/face_0.jpg_4.png
10,./aligned/70061016001/face_17.jpg_6.png
10,./aligned/70061016001/face_17.jpg_3.png
10,./aligned/70061016001/face_84.jpg_10.png
10,./aligned/70061016001/face_84.jpg_6.png
10,./aligned/70061016001/face_17.jpg_1.png
10,./aligned/70061016001/face_84.png
11,./aligned/70061016014/face_135.jpg_11.png
11,./aligned/70061016014/face_135.jpg_9.png
11,./aligned/70061016014/face_135.jpg_8.png
11,./aligned/70061016014/face_135.jpg_2.png
11,./aligned/70061016014/face_135.jpg_10.png
11,./aligned/70061016014/face_135.jpg_5.png
11,./aligned/70061016014/face_135.jpg_3.png
11,./aligned/70061016014/face_135.jpg_0.png
11,./aligned/70061016014/face_135.jpg_4.png
11,./aligned/70061016014/face_135.jpg_12.png
11,./aligned/70061016014/face_135.jpg_13.png
11,./aligned/70061016014/face_135.png
11,./aligned/70061016014/face_135.jpg_1.png
11,./aligned/70061016014/face_135.jpg_7.png
11,./aligned/70061016014/face_135.jpg_6.png
12,./aligned/70061016016/face_64.jpg_5.png
12,./aligned/70061016016/face_102.jpg_0.png
12,./aligned/70061016016/face_102.jpg_2.png
12,./aligned/70061016016/face_37.jpg_6.png
12,./aligned/70061016016/face_154.png
12,./aligned/70061016016/face_137.jpg_0.png
12,./aligned/70061016016/face_37.jpg_5.png
12,./aligned/70061016016/face_154.jpg_2.png
12,./aligned/70061016016/face_137.jpg_6.png
12,./aligned/70061016016/face_102.jpg_1.png
12,./aligned/70061016016/face_64.jpg_3.png
12,./aligned/70061016016/face_37.jpg_3.png
12,./aligned/70061016016/face_41.jpg_5.png
12,./aligned/70061016016/face_64.jpg_6.png
12,./aligned/70061016016/face_137.jpg_4.png
12,./aligned/70061016016/face_76.jpg_5.png
12,./aligned/70061016016/face_76.jpg_1.png
12,./aligned/70061016016/face_147.jpg_6.png
12,./aligned/70061016016/face_76.jpg_4.png
12,./aligned/70061016016/face_147.jpg_0.png
12,./aligned/70061016016/face_41.jpg_0.png
12,./aligned/70061016016/face_147.jpg_3.png
12,./aligned/70061016016/face_137.jpg_1.png
12,./aligned/70061016016/face_102.jpg_4.png
12,./aligned/70061016016/face_76.jpg_3.png
12,./aligned/70061016016/face_154.jpg_4.png
12,./aligned/70061016016/face_147.png
12,./aligned/70061016016/face_154.jpg_5.png
12,./aligned/70061016016/face_64.jpg_2.png
12,./aligned/70061016016/face_37.jpg_1.png
12,./aligned/70061016016/face_137.jpg_3.png
12,./aligned/70061016016/face_41.jpg_3.png
12,./aligned/70061016016/face_76.jpg_2.png
12,./aligned/70061016016/face_37.png
12,./aligned/70061016016/face_41.jpg_2.png
12,./aligned/70061016016/face_64.jpg_4.png
12,./aligned/70061016016/face_64.jpg_0.png
12,./aligned/70061016016/face_147.jpg_4.png
12,./aligned/70061016016/face_76.png
12,./aligned/70061016016/face_76.jpg_6.png
12,./aligned/70061016016/face_154.jpg_1.png
12,./aligned/70061016016/face_154.jpg_6.png
12,./aligned/70061016016/face_102.png
12,./aligned/70061016016/face_41.jpg_4.png
12,./aligned/70061016016/face_154.jpg_0.png
12,./aligned/70061016016/face_37.jpg_4.png
12,./aligned/70061016016/face_147.jpg_2.png
12,./aligned/70061016016/face_137.jpg_2.png
12,./aligned/70061016016/face_137.jpg_5.png
12,./aligned/70061016016/face_102.jpg_3.png
12,./aligned/70061016016/face_64.jpg_1.png
12,./aligned/70061016016/face_137.png
12,./aligned/70061016016/face_102.jpg_5.png
12,./aligned/70061016016/face_102.jpg_6.png
12,./aligned/70061016016/face_76.jpg_0.png
12,./aligned/70061016016/face_41.jpg_6.png
12,./aligned/70061016016/face_41.jpg_1.png
12,./aligned/70061016016/face_37.jpg_0.png
12,./aligned/70061016016/face_64.png
12,./aligned/70061016016/face_147.jpg_1.png
12,./aligned/70061016016/face_37.jpg_2.png
12,./aligned/70061016016/face_41.png
12,./aligned/70061016016/face_154.jpg_3.png
12,./aligned/70061016016/face_147.jpg_5.png
13,./aligned/70061016019/face_144.jpg_5.png
13,./aligned/70061016019/face_38.jpg_8.png
13,./aligned/70061016019/face_81.png
13,./aligned/70061016019/face_81.jpg_11.png
13,./aligned/70061016019/face_81.jpg_6.png
13,./aligned/70061016019/face_38.jpg_1.png
13,./aligned/70061016019/face_81.jpg_5.png
13,./aligned/70061016019/face_38.jpg_11.png
13,./aligned/70061016019/face_144.jpg_10.png
13,./aligned/70061016019/face_38.jpg_9.png
13,./aligned/70061016019/face_38.jpg_0.png
13,./aligned/70061016019/face_144.jpg_11.png
13,./aligned/70061016019/face_144.jpg_3.png
13,./aligned/70061016019/face_38.jpg_5.png
13,./aligned/70061016019/face_38.jpg_10.png
13,./aligned/70061016019/face_81.jpg_2.png
13,./aligned/70061016019/face_144.jpg_0.png
13,./aligned/70061016019/face_38.jpg_2.png
13,./aligned/70061016019/face_38.jpg_4.png
13,./aligned/70061016019/face_38.jpg_12.png
13,./aligned/70061016019/face_81.jpg_0.png
13,./aligned/70061016019/face_38.jpg_3.png
13,./aligned/70061016019/face_144.jpg_7.png
13,./aligned/70061016019/face_81.jpg_10.png
13,./aligned/70061016019/face_38.png
13,./aligned/70061016019/face_81.jpg_9.png
13,./aligned/70061016019/face_144.jpg_8.png
13,./aligned/70061016019/face_81.jpg_1.png
13,./aligned/70061016019/face_144.jpg_12.png
13,./aligned/70061016019/face_144.jpg_1.png
13,./aligned/70061016019/face_144.jpg_4.png
13,./aligned/70061016019/face_38.jpg_7.png
13,./aligned/70061016019/face_81.jpg_8.png
13,./aligned/70061016019/face_144.jpg_2.png
13,./aligned/70061016019/face_81.jpg_12.png
13,./aligned/70061016019/face_38.jpg_6.png
13,./aligned/70061016019/face_144.png
13,./aligned/70061016019/face_81.jpg_4.png
13,./aligned/70061016019/face_144.jpg_6.png
13,./aligned/70061016019/face_81.jpg_7.png
13,./aligned/70061016019/face_81.jpg_3.png
13,./aligned/70061016019/face_144.jpg_9.png
14,./aligned/70061016013/face_23.png
14,./aligned/70061016013/face_131.png
14,./aligned/70061016013/face_131.jpg_7.png
14,./aligned/70061016013/face_131.jpg_11.png
14,./aligned/70061016013/face_90.jpg_1.png
14,./aligned/70061016013/face_90.jpg_11.png
14,./aligned/70061016013/face_131.jpg_0.png
14,./aligned/70061016013/face_23.jpg_10.png
14,./aligned/70061016013/face_90.jpg_10.png
14,./aligned/70061016013/face_90.jpg_3.png
14,./aligned/70061016013/face_23.jpg_7.png
14,./aligned/70061016013/face_131.jpg_3.png
14,./aligned/70061016013/face_23.jpg_4.png
14,./aligned/70061016013/face_131.jpg_8.png
14,./aligned/70061016013/face_23.jpg_9.png
14,./aligned/70061016013/face_90.jpg_4.png
14,./aligned/70061016013/face_90.jpg_2.png
14,./aligned/70061016013/face_131.jpg_4.png
14,./aligned/70061016013/face_23.jpg_5.png
14,./aligned/70061016013/face_90.jpg_9.png
14,./aligned/70061016013/face_23.jpg_2.png
14,./aligned/70061016013/face_90.jpg_8.png
14,./aligned/70061016013/face_23.jpg_1.png
14,./aligned/70061016013/face_23.jpg_11.png
14,./aligned/70061016013/face_90.jpg_0.png
14,./aligned/70061016013/face_90.jpg_6.png
14,./aligned/70061016013/face_90.jpg_5.png
14,./aligned/70061016013/face_131.jpg_6.png
14,./aligned/70061016013/face_131.jpg_9.png
14,./aligned/70061016013/face_131.jpg_2.png
14,./aligned/70061016013/face_131.jpg_5.png
14,./aligned/70061016013/face_131.jpg_10.png
14,./aligned/70061016013/face_90.png
14,./aligned/70061016013/face_90.jpg_7.png
14,./aligned/70061016013/face_23.jpg_8.png
14,./aligned/70061016013/face_23.jpg_6.png
14,./aligned/70061016013/face_23.jpg_0.png
14,./aligned/70061016013/face_23.jpg_3.png
14,./aligned/70061016013/face_131.jpg_1.png
15,./aligned/70061016024/face_105.jpg_7.png
15,./aligned/70061016024/face_105.jpg_1.png
15,./aligned/70061016024/face_105.jpg_2.png
15,./aligned/70061016024/face_105.jpg_0.png
15,./aligned/70061016024/face_105.jpg_9.png
15,./aligned/70061016024/face_105.png
15,./aligned/70061016024/face_105.jpg_12.png
15,./aligned/70061016024/face_105.jpg_6.png
15,./aligned/70061016024/face_105.jpg_11.png
15,./aligned/70061016024/face_105.jpg_8.png
15,./aligned/70061016024/face_105.jpg_10.png
15,./aligned/70061016024/face_105.jpg_13.png
15,./aligned/70061016024/face_105.jpg_3.png
15,./aligned/70061016024/face_105.jpg_4.png
15,./aligned/70061016024/face_105.jpg_5.png
16,./aligned/70061016009/face_60.jpg_0.png
16,./aligned/70061016009/face_94.jpg_5.png
16,./aligned/70061016009/face_42.jpg_10.png
16,./aligned/70061016009/face_42.jpg_4.png
16,./aligned/70061016009/face_60.jpg_1.png
16,./aligned/70061016009/face_94.jpg_6.png
16,./aligned/70061016009/face_12.jpg_0.png
16,./aligned/70061016009/face_94.jpg_4.png
16,./aligned/70061016009/face_42.jpg_8.png
16,./aligned/70061016009/face_94.jpg_0.png
16,./aligned/70061016009/face_42.png
16,./aligned/70061016009/face_60.jpg_8.png
16,./aligned/70061016009/face_60.jpg_5.png
16,./aligned/70061016009/face_42.jpg_6.png
16,./aligned/70061016009/face_12.jpg_6.png
16,./aligned/70061016009/face_94.jpg_7.png
16,./aligned/70061016009/face_42.jpg_9.png
16,./aligned/70061016009/face_42.jpg_0.png
16,./aligned/70061016009/face_60.png
16,./aligned/70061016009/face_94.jpg_10.png
16,./aligned/70061016009/face_60.jpg_9.png
16,./aligned/70061016009/face_12.jpg_1.png
16,./aligned/70061016009/face_42.jpg_7.png
16,./aligned/70061016009/face_60.jpg_4.png
16,./aligned/70061016009/face_60.jpg_7.png
16,./aligned/70061016009/face_42.jpg_1.png
16,./aligned/70061016009/face_12.jpg_7.png
16,./aligned/70061016009/face_60.jpg_10.png
16,./aligned/70061016009/face_12.jpg_8.png
16,./aligned/70061016009/face_94.jpg_9.png
16,./aligned/70061016009/face_12.jpg_10.png
16,./aligned/70061016009/face_12.jpg_9.png
16,./aligned/70061016009/face_12.jpg_3.png
16,./aligned/70061016009/face_94.jpg_8.png
16,./aligned/70061016009/face_12.jpg_2.png
16,./aligned/70061016009/face_94.png
16,./aligned/70061016009/face_60.jpg_2.png
16,./aligned/70061016009/face_94.jpg_2.png
16,./aligned/70061016009/face_94.jpg_1.png
16,./aligned/70061016009/face_12.png
16,./aligned/70061016009/face_12.jpg_4.png
16,./aligned/70061016009/face_42.jpg_3.png
16,./aligned/70061016009/face_42.jpg_5.png
16,./aligned/70061016009/face_12.jpg_5.png
16,./aligned/70061016009/face_42.jpg_2.png
16,./aligned/70061016009/face_60.jpg_3.png
16,./aligned/70061016009/face_94.jpg_3.png
16,./aligned/70061016009/face_60.jpg_6.png
17,./aligned/70061016004/face_74.jpg_4.png
17,./aligned/70061016004/face_74.jpg_13.png
17,./aligned/70061016004/face_74.jpg_11.png
17,./aligned/70061016004/face_74.jpg_0.png
17,./aligned/70061016004/face_74.jpg_2.png
17,./aligned/70061016004/face_74.jpg_10.png
17,./aligned/70061016004/face_74.jpg_3.png
17,./aligned/70061016004/face_74.png
17,./aligned/70061016004/face_74.jpg_7.png
17,./aligned/70061016004/face_74.jpg_6.png
17,./aligned/70061016004/face_74.jpg_9.png
17,./aligned/70061016004/face_74.jpg_8.png
17,./aligned/70061016004/face_74.jpg_5.png
17,./aligned/70061016004/face_74.jpg_12.png
17,./aligned/70061016004/face_74.jpg_1.png
18,./aligned/70061016008/face_118.png
18,./aligned/70061016008/face_71.jpg_5.png
18,./aligned/70061016008/face_71.png
18,./aligned/70061016008/face_157.jpg_7.png
18,./aligned/70061016008/face_71.jpg_7.png
18,./aligned/70061016008/face_126.jpg_7.png
18,./aligned/70061016008/face_118.jpg_2.png
18,./aligned/70061016008/face_49.png
18,./aligned/70061016008/face_126.jpg_9.png
18,./aligned/70061016008/face_71.jpg_6.png
18,./aligned/70061016008/face_126.jpg_3.png
18,./aligned/70061016008/face_118.jpg_7.png
18,./aligned/70061016008/face_118.jpg_3.png
18,./aligned/70061016008/face_118.jpg_4.png
18,./aligned/70061016008/face_126.jpg_4.png
18,./aligned/70061016008/face_49.jpg_1.png
18,./aligned/70061016008/face_157.jpg_3.png
18,./aligned/70061016008/face_49.jpg_9.png
18,./aligned/70061016008/face_157.jpg_4.png
18,./aligned/70061016008/face_126.jpg_6.png
18,./aligned/70061016008/face_118.jpg_0.png
18,./aligned/70061016008/face_118.jpg_5.png
18,./aligned/70061016008/face_49.jpg_7.png
18,./aligned/70061016008/face_157.jpg_8.png
18,./aligned/70061016008/face_49.jpg_6.png
18,./aligned/70061016008/face_71.jpg_8.png
18,./aligned/70061016008/face_118.jpg_6.png
18,./aligned/70061016008/face_126.jpg_8.png
18,./aligned/70061016008/face_49.jpg_2.png
18,./aligned/70061016008/face_157.jpg_6.png
18,./aligned/70061016008/face_71.jpg_3.png
18,./aligned/70061016008/face_126.jpg_0.png
18,./aligned/70061016008/face_118.jpg_9.png
18,./aligned/70061016008/face_126.jpg_1.png
18,./aligned/70061016008/face_71.jpg_1.png
18,./aligned/70061016008/face_157.jpg_9.png
18,./aligned/70061016008/face_157.jpg_1.png
18,./aligned/70061016008/face_118.jpg_1.png
18,./aligned/70061016008/face_126.png
18,./aligned/70061016008/face_126.jpg_2.png
18,./aligned/70061016008/face_49.jpg_5.png
18,./aligned/70061016008/face_49.jpg_3.png
18,./aligned/70061016008/face_71.jpg_9.png
18,./aligned/70061016008/face_157.jpg_0.png
18,./aligned/70061016008/face_118.jpg_8.png
18,./aligned/70061016008/face_126.jpg_5.png
18,./aligned/70061016008/face_71.jpg_2.png
18,./aligned/70061016008/face_49.jpg_4.png
18,./aligned/70061016008/face_71.jpg_0.png
18,./aligned/70061016008/face_157.jpg_2.png
18,./aligned/70061016008/face_157.jpg_5.png
18,./aligned/70061016008/face_49.jpg_8.png
18,./aligned/70061016008/face_49.jpg_0.png
18,./aligned/70061016008/face_157.png
18,./aligned/70061016008/face_71.jpg_4.png
19,./aligned/70061016002/face_21 (copy).png
19,./aligned/70061016002/face_149 (copy).png
19,./aligned/70061016002/face_21.png
19,./aligned/70061016002/face_8.png
19,./aligned/70061016002/face_61.png
19,./aligned/70061016002/face_138.png
19,./aligned/70061016002/face_89.png
19,./aligned/70061016002/face_149.png
19,./aligned/70061016002/face_100.png
19,./aligned/70061016002/face_138 (copy).png
19,./aligned/70061016002/face_116 (copy).png
19,./aligned/70061016002/face_1 (copy).png
19,./aligned/70061016002/face_48 (copy).png
19,./aligned/70061016002/face_61 (copy).png
19,./aligned/70061016002/face_89 (copy).png
19,./aligned/70061016002/face_116.png
19,./aligned/70061016002/face_1.png
19,./aligned/70061016002/face_8 (copy).png
19,./aligned/70061016002/face_123.png
19,./aligned/70061016002/face_48.png
19,./aligned/70061016002/face_123 (copy).png
19,./aligned/70061016002/face_100 (copy).png
19,./aligned/70061016002/face_35 (copy).png
19,./aligned/70061016002/face_35.png
20,./aligned/70061016026/face_50.jpg_7.png
20,./aligned/70061016026/face_158.jpg_1.png
20,./aligned/70061016026/face_107.jpg_1.png
20,./aligned/70061016026/face_15.jpg_2.png
20,./aligned/70061016026/face_15.jpg_5.png
20,./aligned/70061016026/face_152.jpg_8.png
20,./aligned/70061016026/face_15.png
20,./aligned/70061016026/face_152.jpg_4.png
20,./aligned/70061016026/face_15.jpg_4.png
20,./aligned/70061016026/face_15.jpg_6.png
20,./aligned/70061016026/face_107.png
20,./aligned/70061016026/face_50.jpg_1.png
20,./aligned/70061016026/face_129.png
20,./aligned/70061016026/face_129.jpg_8.png
20,./aligned/70061016026/face_15.jpg_8.png
20,./aligned/70061016026/face_15.jpg_0.png
20,./aligned/70061016026/face_152.jpg_7.png
20,./aligned/70061016026/face_158.jpg_7.png
20,./aligned/70061016026/face_107.jpg_3.png
20,./aligned/70061016026/face_50.jpg_6.png
20,./aligned/70061016026/face_50.jpg_5.png
20,./aligned/70061016026/face_107.jpg_7.png
20,./aligned/70061016026/face_129.jpg_1.png
20,./aligned/70061016026/face_129.jpg_3.png
20,./aligned/70061016026/face_129.jpg_7.png
20,./aligned/70061016026/face_129.jpg_6.png
20,./aligned/70061016026/face_152.jpg_1.png
20,./aligned/70061016026/face_158.jpg_5.png
20,./aligned/70061016026/face_158.jpg_6.png
20,./aligned/70061016026/face_107.jpg_5.png
20,./aligned/70061016026/face_107.jpg_2.png
20,./aligned/70061016026/face_152.png
20,./aligned/70061016026/face_158.jpg_3.png
20,./aligned/70061016026/face_15.jpg_7.png
20,./aligned/70061016026/face_129.jpg_4.png
20,./aligned/70061016026/face_129.jpg_2.png
20,./aligned/70061016026/face_158.jpg_0.png
20,./aligned/70061016026/face_15.jpg_1.png
20,./aligned/70061016026/face_107.jpg_6.png
20,./aligned/70061016026/face_50.jpg_4.png
20,./aligned/70061016026/face_107.jpg_4.png
20,./aligned/70061016026/face_50.jpg_3.png
20,./aligned/70061016026/face_158.jpg_8.png
20,./aligned/70061016026/face_158.jpg_2.png
20,./aligned/70061016026/face_152.jpg_0.png
20,./aligned/70061016026/face_152.jpg_3.png
20,./aligned/70061016026/face_158.jpg_4.png
20,./aligned/70061016026/face_152.jpg_5.png
20,./aligned/70061016026/face_107.jpg_8.png
20,./aligned/70061016026/face_50.png
20,./aligned/70061016026/face_15.jpg_3.png
20,./aligned/70061016026/face_50.jpg_2.png
20,./aligned/70061016026/face_50.jpg_0.png
20,./aligned/70061016026/face_129.jpg_0.png
20,./aligned/70061016026/face_129.jpg_5.png
20,./aligned/70061016026/face_158.png
20,./aligned/70061016026/face_152.jpg_6.png
20,./aligned/70061016026/face_50.jpg_8.png
20,./aligned/70061016026/face_152.jpg_2.png
20,./aligned/70061016026/face_107.jpg_0.png
21,./aligned/70061016012/face_9.jpg_8.png
21,./aligned/70061016012/face_9.jpg_0.png
21,./aligned/70061016012/face_92.jpg_3.png
21,./aligned/70061016012/face_127.jpg_0.png
21,./aligned/70061016012/face_92.jpg_10.png
21,./aligned/70061016012/face_9.jpg_7.png
21,./aligned/70061016012/face_92.jpg_0.png
21,./aligned/70061016012/face_127.jpg_1.png
21,./aligned/70061016012/face_127.jpg_6.png
21,./aligned/70061016012/face_127.jpg_10.png
21,./aligned/70061016012/face_92.jpg_1.png
21,./aligned/70061016012/face_127.png
21,./aligned/70061016012/face_9.png
21,./aligned/70061016012/face_127.jpg_8.png
21,./aligned/70061016012/face_127.jpg_7.png
21,./aligned/70061016012/face_92.jpg_8.png
21,./aligned/70061016012/face_9.jpg_3.png
21,./aligned/70061016012/face_127.jpg_11.png
21,./aligned/70061016012/face_127.jpg_3.png
21,./aligned/70061016012/face_9.jpg_4.png
21,./aligned/70061016012/face_9.jpg_2.png
21,./aligned/70061016012/face_127.jpg_2.png
21,./aligned/70061016012/face_92.jpg_6.png
21,./aligned/70061016012/face_9.jpg_1.png
21,./aligned/70061016012/face_92.jpg_11.png
21,./aligned/70061016012/face_9.jpg_10.png
21,./aligned/70061016012/face_92.jpg_9.png
21,./aligned/70061016012/face_127.jpg_4.png
21,./aligned/70061016012/face_9.jpg_9.png
21,./aligned/70061016012/face_92.jpg_2.png
21,./aligned/70061016012/face_92.jpg_4.png
21,./aligned/70061016012/face_9.jpg_6.png
21,./aligned/70061016012/face_92.jpg_7.png
21,./aligned/70061016012/face_92.png
21,./aligned/70061016012/face_9.jpg_11.png
21,./aligned/70061016012/face_92.jpg_5.png
21,./aligned/70061016012/face_9.jpg_5.png
21,./aligned/70061016012/face_127.jpg_5.png
21,./aligned/70061016012/face_127.jpg_9.png
22,./aligned/70061016022/face_40.jpg_9.png
22,./aligned/70061016022/face_25.jpg_8.png
22,./aligned/70061016022/face_87.jpg_0.png
22,./aligned/70061016022/face_87.jpg_3.png
22,./aligned/70061016022/face_40.jpg_3.png
22,./aligned/70061016022/face_87.jpg_8.png
22,./aligned/70061016022/face_40.jpg_4.png
22,./aligned/70061016022/face_82.jpg_1.png
22,./aligned/70061016022/face_82.jpg_3.png
22,./aligned/70061016022/face_20.jpg_2.png
22,./aligned/70061016022/face_25.jpg_7.png
22,./aligned/70061016022/face_20.png
22,./aligned/70061016022/face_40.jpg_0.png
22,./aligned/70061016022/face_25.jpg_6.png
22,./aligned/70061016022/face_87.png
22,./aligned/70061016022/face_40.jpg_6.png
22,./aligned/70061016022/face_82.png
22,./aligned/70061016022/face_87.jpg_7.png
22,./aligned/70061016022/face_87.jpg_6.png
22,./aligned/70061016022/face_40.jpg_1.png
22,./aligned/70061016022/face_25.jpg_9.png
22,./aligned/70061016022/face_40.jpg_8.png
22,./aligned/70061016022/face_87.jpg_1.png
22,./aligned/70061016022/face_20.jpg_9.png
22,./aligned/70061016022/face_25.jpg_2.png
22,./aligned/70061016022/face_25.jpg_1.png
22,./aligned/70061016022/face_87.jpg_9.png
22,./aligned/70061016022/face_82.jpg_9.png
22,./aligned/70061016022/face_87.jpg_4.png
22,./aligned/70061016022/face_20.jpg_4.png
22,./aligned/70061016022/face_82.jpg_5.png
22,./aligned/70061016022/face_82.jpg_6.png
22,./aligned/70061016022/face_20.jpg_7.png
22,./aligned/70061016022/face_25.jpg_5.png
22,./aligned/70061016022/face_40.jpg_2.png
22,./aligned/70061016022/face_20.jpg_5.png
22,./aligned/70061016022/face_82.jpg_2.png
22,./aligned/70061016022/face_25.png
22,./aligned/70061016022/face_20.jpg_1.png
22,./aligned/70061016022/face_40.jpg_7.png
22,./aligned/70061016022/face_87.jpg_2.png
22,./aligned/70061016022/face_82.jpg_7.png
22,./aligned/70061016022/face_20.jpg_0.png
22,./aligned/70061016022/face_82.jpg_4.png
22,./aligned/70061016022/face_25.jpg_4.png
22,./aligned/70061016022/face_25.jpg_3.png
22,./aligned/70061016022/face_40.jpg_5.png
22,./aligned/70061016022/face_20.jpg_6.png
22,./aligned/70061016022/face_82.jpg_0.png
22,./aligned/70061016022/face_20.jpg_3.png
22,./aligned/70061016022/face_20.jpg_8.png
22,./aligned/70061016022/face_82.jpg_8.png
22,./aligned/70061016022/face_87.jpg_5.png
22,./aligned/70061016022/face_25.jpg_0.png
22,./aligned/70061016022/face_40.png
23,./aligned/70061016017/face_14.jpg_0.png
23,./aligned/70061016017/face_14.jpg_5.png
23,./aligned/70061016017/face_14.jpg_3.png
23,./aligned/70061016017/face_14.jpg_8.png
23,./aligned/70061016017/face_14.png
23,./aligned/70061016017/face_14.jpg_6.png
23,./aligned/70061016017/face_14.jpg_4.png
23,./aligned/70061016017/face_14.jpg_7.png
23,./aligned/70061016017/face_14.jpg_10.png
23,./aligned/70061016017/face_14.jpg_11.png
23,./aligned/70061016017/face_14.jpg_2.png
23,./aligned/70061016017/face_14.jpg_13.png
23,./aligned/70061016017/face_14.jpg_12.png
23,./aligned/70061016017/face_14.jpg_1.png
23,./aligned/70061016017/face_14.jpg_9.png
24,./aligned/70061016007/face_97.jpg_7.png
24,./aligned/70061016007/face_65.jpg_0.png
24,./aligned/70061016007/face_72.jpg_11.png
24,./aligned/70061016007/face_65.jpg_5.png
24,./aligned/70061016007/face_97.jpg_11.png
24,./aligned/70061016007/face_65.jpg_2.png
24,./aligned/70061016007/face_97.jpg_8.png
24,./aligned/70061016007/face_65.jpg_11.png
24,./aligned/70061016007/face_97.png
24,./aligned/70061016007/face_97.jpg_10.png
24,./aligned/70061016007/face_65.png
24,./aligned/70061016007/face_65.jpg_10.png
24,./aligned/70061016007/face_72.png
24,./aligned/70061016007/face_72.jpg_9.png
24,./aligned/70061016007/face_72.jpg_4.png
24,./aligned/70061016007/face_97.jpg_3.png
24,./aligned/70061016007/face_65.jpg_8.png
24,./aligned/70061016007/face_72.jpg_3.png
24,./aligned/70061016007/face_97.jpg_4.png
24,./aligned/70061016007/face_72.jpg_7.png
24,./aligned/70061016007/face_72.jpg_0.png
24,./aligned/70061016007/face_65.jpg_6.png
24,./aligned/70061016007/face_97.jpg_1.png
24,./aligned/70061016007/face_72.jpg_5.png
24,./aligned/70061016007/face_65.jpg_1.png
24,./aligned/70061016007/face_65.jpg_4.png
24,./aligned/70061016007/face_97.jpg_6.png
24,./aligned/70061016007/face_65.jpg_9.png
24,./aligned/70061016007/face_72.jpg_2.png
24,./aligned/70061016007/face_72.jpg_1.png
24,./aligned/70061016007/face_97.jpg_5.png
24,./aligned/70061016007/face_65.jpg_7.png
24,./aligned/70061016007/face_72.jpg_8.png
24,./aligned/70061016007/face_72.jpg_6.png
24,./aligned/70061016007/face_65.jpg_3.png
24,./aligned/70061016007/face_97.jpg_0.png
24,./aligned/70061016007/face_97.jpg_9.png
24,./aligned/70061016007/face_72.jpg_10.png
24,./aligned/70061016007/face_97.jpg_2.png
25,./aligned/70061016015/face_136.png
25,./aligned/70061016015/face_134.jpg_7.png
25,./aligned/70061016015/face_148.jpg_8.png
25,./aligned/70061016015/face_148.jpg_2.png
25,./aligned/70061016015/face_136.jpg_6.png
25,./aligned/70061016015/face_16.jpg_2.png
25,./aligned/70061016015/face_34.jpg_2.png
25,./aligned/70061016015/face_34.jpg_4.png
25,./aligned/70061016015/face_148.png
25,./aligned/70061016015/face_34.jpg_6.png
25,./aligned/70061016015/face_80.jpg_8.png
25,./aligned/70061016015/face_80.jpg_4.png
25,./aligned/70061016015/face_34.jpg_1.png
25,./aligned/70061016015/face_134.jpg_2.png
25,./aligned/70061016015/face_134.jpg_1.png
25,./aligned/70061016015/face_148.jpg_3.png
25,./aligned/70061016015/face_148.jpg_0.png
25,./aligned/70061016015/face_80.jpg_0.png
25,./aligned/70061016015/face_134.png
25,./aligned/70061016015/face_34.jpg_7.png
25,./aligned/70061016015/face_136.jpg_2.png
25,./aligned/70061016015/face_148.jpg_6.png
25,./aligned/70061016015/face_16.jpg_4.png
25,./aligned/70061016015/face_16.jpg_5.png
25,./aligned/70061016015/face_136.jpg_1.png
25,./aligned/70061016015/face_134.jpg_5.png
25,./aligned/70061016015/face_134.jpg_8.png
25,./aligned/70061016015/face_16.jpg_0.png
25,./aligned/70061016015/face_16.png
25,./aligned/70061016015/face_136.jpg_4.png
25,./aligned/70061016015/face_136.jpg_0.png
25,./aligned/70061016015/face_80.png
25,./aligned/70061016015/face_148.jpg_7.png
25,./aligned/70061016015/face_16.jpg_3.png
25,./aligned/70061016015/face_134.jpg_6.png
25,./aligned/70061016015/face_16.jpg_7.png
25,./aligned/70061016015/face_148.jpg_5.png
25,./aligned/70061016015/face_134.jpg_3.png
25,./aligned/70061016015/face_136.jpg_7.png
25,./aligned/70061016015/face_34.jpg_5.png
25,./aligned/70061016015/face_136.jpg_8.png
25,./aligned/70061016015/face_16.jpg_6.png
25,./aligned/70061016015/face_80.jpg_1.png
25,./aligned/70061016015/face_80.jpg_5.png
25,./aligned/70061016015/face_80.jpg_6.png
25,./aligned/70061016015/face_16.jpg_8.png
25,./aligned/70061016015/face_134.jpg_0.png
25,./aligned/70061016015/face_34.jpg_8.png
25,./aligned/70061016015/face_148.jpg_1.png
25,./aligned/70061016015/face_134.jpg_4.png
25,./aligned/70061016015/face_34.png
25,./aligned/70061016015/face_34.jpg_3.png
25,./aligned/70061016015/face_136.jpg_5.png
25,./aligned/70061016015/face_80.jpg_2.png
25,./aligned/70061016015/face_136.jpg_3.png
25,./aligned/70061016015/face_16.jpg_1.png
25,./aligned/70061016015/face_148.jpg_4.png
25,./aligned/70061016015/face_80.jpg_7.png
25,./aligned/70061016015/face_34.jpg_0.png
25,./aligned/70061016015/face_80.jpg_3.png
26,./aligned/70061016006/face_3.jpg_3.png
26,./aligned/70061016006/face_3.jpg_4.png
26,./aligned/70061016006/face_146.jpg_2.png
26,./aligned/70061016006/face_79.jpg_1.png
26,./aligned/70061016006/face_101.jpg_2.png
26,./aligned/70061016006/face_101.png
26,./aligned/70061016006/face_32.jpg_4.png
26,./aligned/70061016006/face_32.jpg_5.png
26,./aligned/70061016006/face_18.jpg_0.png
26,./aligned/70061016006/face_32.jpg_0.png
26,./aligned/70061016006/face_32.png
26,./aligned/70061016006/face_3.jpg_0.png
26,./aligned/70061016006/face_18.png
26,./aligned/70061016006/face_18.jpg_1.png
26,./aligned/70061016006/face_146.jpg_4.png
26,./aligned/70061016006/face_121.jpg_2.png
26,./aligned/70061016006/face_86.jpg_2.png
26,./aligned/70061016006/face_146.jpg_0.png
26,./aligned/70061016006/face_86.jpg_0.png
26,./aligned/70061016006/face_146.png
26,./aligned/70061016006/face_146.jpg_1.png
26,./aligned/70061016006/face_146.jpg_5.png
26,./aligned/70061016006/face_121.png
26,./aligned/70061016006/face_86.jpg_3.png
26,./aligned/70061016006/face_79.jpg_6.png
26,./aligned/70061016006/face_18.jpg_6.png
26,./aligned/70061016006/face_121.jpg_0.png
26,./aligned/70061016006/face_121.jpg_1.png
26,./aligned/70061016006/face_3.jpg_6.png
26,./aligned/70061016006/face_79.jpg_0.png
26,./aligned/70061016006/face_86.jpg_6.png
26,./aligned/70061016006/face_32.jpg_1.png
26,./aligned/70061016006/face_18.jpg_3.png
26,./aligned/70061016006/face_101.jpg_3.png
26,./aligned/70061016006/face_3.jpg_1.png
26,./aligned/70061016006/face_121.jpg_3.png
26,./aligned/70061016006/face_79.jpg_3.png
26,./aligned/70061016006/face_146.jpg_6.png
26,./aligned/70061016006/face_146.jpg_3.png
26,./aligned/70061016006/face_18.jpg_4.png
26,./aligned/70061016006/face_121.jpg_4.png
26,./aligned/70061016006/face_3.jpg_5.png
26,./aligned/70061016006/face_86.jpg_1.png
26,./aligned/70061016006/face_121.jpg_6.png
26,./aligned/70061016006/face_79.jpg_2.png
26,./aligned/70061016006/face_121.jpg_5.png
26,./aligned/70061016006/face_101.jpg_6.png
26,./aligned/70061016006/face_79.png
26,./aligned/70061016006/face_101.jpg_1.png
26,./aligned/70061016006/face_101.jpg_5.png
26,./aligned/70061016006/face_86.jpg_4.png
26,./aligned/70061016006/face_79.jpg_4.png
26,./aligned/70061016006/face_79.jpg_5.png
26,./aligned/70061016006/face_18.jpg_2.png
26,./aligned/70061016006/face_18.jpg_5.png
26,./aligned/70061016006/face_3.jpg_2.png
26,./aligned/70061016006/face_86.png
26,./aligned/70061016006/face_32.jpg_2.png
26,./aligned/70061016006/face_86.jpg_5.png
26,./aligned/70061016006/face_32.jpg_6.png
26,./aligned/70061016006/face_101.jpg_4.png
26,./aligned/70061016006/face_32.jpg_3.png
26,./aligned/70061016006/face_3.png
26,./aligned/70061016006/face_101.jpg_0.png
27,./aligned/70061016023/face_28.jpg_0.png
27,./aligned/70061016023/face_83.jpg_3.png
27,./aligned/70061016023/face_145.jpg_3.png
27,./aligned/70061016023/face_11.jpg_5.png
27,./aligned/70061016023/face_145.jpg_0.png
27,./aligned/70061016023/face_4.jpg_7.png
27,./aligned/70061016023/face_145.jpg_2.png
27,./aligned/70061016023/face_104.jpg_2.png
27,./aligned/70061016023/face_11.jpg_3.png
27,./aligned/70061016023/face_11.jpg_6.png
27,./aligned/70061016023/face_39.jpg_2.png
27,./aligned/70061016023/face_145.jpg_5.png
27,./aligned/70061016023/face_39.jpg_5.png
27,./aligned/70061016023/face_28.jpg_1.png
27,./aligned/70061016023/face_104.jpg_0.png
27,./aligned/70061016023/face_104.jpg_7.png
27,./aligned/70061016023/face_104.jpg_6.png
27,./aligned/70061016023/face_4.jpg_4.png
27,./aligned/70061016023/face_39.jpg_1.png
27,./aligned/70061016023/face_39.png
27,./aligned/70061016023/face_104.jpg_5.png
27,./aligned/70061016023/face_104.jpg_3.png
27,./aligned/70061016023/face_104.jpg_1.png
27,./aligned/70061016023/face_145.jpg_4.png
27,./aligned/70061016023/face_83.jpg_2.png
27,./aligned/70061016023/face_39.jpg_3.png
27,./aligned/70061016023/face_83.jpg_0.png
27,./aligned/70061016023/face_145.jpg_1.png
27,./aligned/70061016023/face_28.jpg_6.png
27,./aligned/70061016023/face_83.png
27,./aligned/70061016023/face_4.jpg_0.png
27,./aligned/70061016023/face_28.jpg_5.png
27,./aligned/70061016023/face_39.jpg_6.png
27,./aligned/70061016023/face_83.jpg_6.png
27,./aligned/70061016023/face_11.jpg_0.png
27,./aligned/70061016023/face_28.jpg_4.png
27,./aligned/70061016023/face_83.jpg_5.png
27,./aligned/70061016023/face_104.png
27,./aligned/70061016023/face_145.jpg_7.png
27,./aligned/70061016023/face_11.jpg_7.png
27,./aligned/70061016023/face_4.jpg_6.png
27,./aligned/70061016023/face_4.jpg_2.png
27,./aligned/70061016023/face_11.jpg_2.png
27,./aligned/70061016023/face_145.jpg_6.png
27,./aligned/70061016023/face_4.jpg_1.png
27,./aligned/70061016023/face_28.jpg_3.png
27,./aligned/70061016023/face_83.jpg_4.png
27,./aligned/70061016023/face_83.jpg_1.png
27,./aligned/70061016023/face_28.png
27,./aligned/70061016023/face_4.jpg_5.png
27,./aligned/70061016023/face_39.jpg_4.png
27,./aligned/70061016023/face_11.png
27,./aligned/70061016023/face_28.jpg_2.png
27,./aligned/70061016023/face_4.png
27,./aligned/70061016023/face_11.jpg_1.png
27,./aligned/70061016023/face_39.jpg_7.png
27,./aligned/70061016023/face_145.png
27,./aligned/70061016023/face_4.jpg_3.png
27,./aligned/70061016023/face_28.jpg_7.png
27,./aligned/70061016023/face_104.jpg_4.png
27,./aligned/70061016023/face_39.jpg_0.png
27,./aligned/70061016023/face_83.jpg_7.png
27,./aligned/70061016023/face_11.jpg_4.png
